293,Tigrai,hangoda,hangoda 01 st ET,kas,Tigrai,2024
298,Tigrai,Dilla,dd,k,dc,2024
298,Tigrai,Dilla,dd,k,dc,2024
298,Tigrai,Dilla,dd,k,dc,2024
298,Tigrai,Dilla,dd,k,dc,2024
298,Tigrai,Dilla,dd,k,dc,2024
298,Tigrai,Dilla,dd,k,dc,2024
298,Tigrai,Dilla,dd,k,dc,2024
298,Tigrai,Dilla,dd,k,dc,2024
298,Tigrai,Dilla,dd,k,dc,2024
298,Tigrai,Dilla,dd,k,dc,2024
298,Tigrai,Dilla,dd,k,dc,2024
298,Tigrai,Dilla,dd,k,dc,2024
298,Tigrai,Dilla,dd,k,dc,2024
298,Tigrai,Dilla,dd,k,dc,2024
298,Tigrai,Dilla,dd,k,dc,2024
298,Tigrai,Dilla,dd,k,dc,2024
298,Tigrai,Dilla,dd,k,dc,2024
298,Tigrai,Dilla,dd,k,dc,2024
298,Tigrai,Dilla,dd,k,dc,2024
298,Tigrai,Dilla,dd,k,dc,2024
298,Tigrai,Dilla,dd,k,dc,2024
298,Tigrai,Dilla,dd,k,dc,2024
298,Tigrai,Dilla,dd,k,dc,2024
298,Tigrai,Dilla,dd,k,dc,2024
298,Tigrai,Dilla,dd,k,dc,2024
298,Tigrai,Dilla,dd,k,dc,2024
298,Tigrai,Dilla,dd,k,dc,2024
298,Tigrai,Dilla,dd,k,dc,2024
298,Tigrai,Dilla,dd,k,dc,2024
298,Tigrai,Dilla,dd,k,dc,2024
298,Tigrai,Dilla,dd,k,dc,2024
298,Tigrai,Dilla,dd,k,dc,2024
298,Tigrai,Dilla,dd,k,dc,2024
298,Tigrai,Dilla,dd,k,dc,2024
298,Tigrai,Dilla,dd,k,dc,2024
298,Tigrai,Dilla,dd,k,dc,2024
298,Tigrai,Dilla,dd,k,dc,2024
298,Tigrai,Dilla,dd,k,dc,2024
298,Tigrai,Dilla,dd,k,dc,2024
298,Tigrai,Dilla,dd,k,dc,2024
298,Tigrai,Dilla,dd,k,dc,2024
298,Tigrai,Dilla,dd,k,dc,2024
298,Tigrai,Dilla,dd,k,dc,2024
298,Tigrai,Dilla,dd,k,dc,2024
298,Tigrai,Dilla,dd,k,dc,2024
298,Tigrai,Dilla,dd,k,dc,2024
298,Tigrai,Dilla,dd,k,dc,2024
298,Tigrai,Dilla,dd,k,dc,2024
298,Tigrai,Dilla,dd,k,dc,2024
298,Tigrai,Dilla,dd,k,dc,2024
298,Tigrai,Dilla,dd,k,dc,2024
298,Tigrai,Dilla,dd,k,dc,2024
298,Tigrai,Dilla,dd,k,dc,2024
298,Tigrai,Dilla,dd,k,dc,2024
298,Tigrai,Dilla,dd,k,dc,2024
298,Tigrai,Dilla,dd,k,dc,2024
298,Tigrai,Dilla,dd,k,dc,2024
298,Tigrai,Dilla,dd,k,dc,2024
298,Tigrai,Dilla,dd,k,dc,2024
298,Tigrai,Dilla,dd,k,dc,2024
298,Tigrai,Dilla,dd,k,dc,2024
298,Tigrai,Dilla,dd,k,dc,2024
298,Tigrai,Dilla,dd,k,dc,2024
298,Tigrai,Dilla,dd,k,dc,2024
298,Tigrai,Dilla,dd,k,dc,2024
298,Tigrai,Dilla,dd,k,dc,2024
298,Tigrai,Dilla,dd,k,dc,2024
298,Tigrai,Dilla,dd,k,dc,2024
298,Tigrai,Dilla,dd,k,dc,2024
298,Tigrai,Dilla,dd,k,dc,2024
298,Tigrai,Dilla,dd,k,dc,2024
298,Tigrai,Dilla,dd,k,dc,2024
298,Tigrai,Dilla,dd,k,dc,2024
298,Tigrai,Dilla,dd,k,dc,2024
298,Tigrai,Dilla,dd,k,dc,2024
298,Tigrai,Dilla,dd,k,dc,2024
298,Tigrai,Dilla,dd,k,dc,2024
298,Tigrai,Dilla,dd,k,dc,2024
298,Tigrai,Dilla,dd,k,dc,2024
298,Tigrai,Dilla,dd,k,dc,2024
298,Tigrai,Dilla,dd,k,dc,2024
298,Tigrai,Dilla,dd,k,dc,2024
298,Tigrai,Dilla,dd,k,dc,2024
298,Tigrai,Dilla,dd,k,dc,2024
298,Tigrai,Dilla,dd,k,dc,2024
298,Tigrai,Dilla,dd,k,dc,2024
298,Tigrai,Dilla,dd,k,dc,2024
298,Tigrai,Dilla,dd,k,dc,2024
298,Tigrai,Dilla,dd,k,dc,2024
298,Tigrai,Dilla,dd,k,dc,2024
298,Tigrai,Dilla,dd,k,dc,2024
298,Tigrai,Dilla,dd,k,dc,2024
298,Tigrai,Dilla,dd,k,dc,2024
298,Tigrai,Dilla,dd,k,dc,2024
298,Tigrai,Dilla,dd,k,dc,2024
298,Tigrai,Dilla,dd,k,dc,2024
298,Tigrai,Dilla,dd,k,dc,2024
298,Tigrai,Dilla,dd,k,dc,2024
298,Tigrai,Dilla,dd,k,dc,2024
298,Tigrai,Dilla,dd,k,dc,2024
298,Tigrai,Dilla,dd,k,dc,2024
298,Tigrai,Dilla,dd,k,dc,2024
298,Tigrai,Dilla,dd,k,dc,2024
298,Tigrai,Dilla,dd,k,dc,2024
298,Tigrai,Dilla,dd,k,dc,2024
298,Tigrai,Dilla,dd,k,dc,2024
298,Tigrai,Dilla,dd,k,dc,2024
298,Tigrai,Dilla,dd,k,dc,2024
298,Tigrai,Dilla,dd,k,dc,2024
298,Tigrai,Dilla,dd,k,dc,2024
298,Tigrai,Dilla,dd,k,dc,2024
298,Tigrai,Dilla,dd,k,dc,2024
298,Tigrai,Dilla,dd,k,dc,2024
298,Tigrai,Dilla,dd,k,dc,2024
298,Tigrai,Dilla,dd,k,dc,2024
298,Tigrai,Dilla,dd,k,dc,2024
298,Tigrai,Dilla,dd,k,dc,2024
298,Tigrai,Dilla,dd,k,dc,2024
298,Tigrai,Dilla,dd,k,dc,2024
298,Tigrai,Dilla,dd,k,dc,2024
298,Tigrai,Dilla,dd,k,dc,2024
298,Tigrai,Dilla,dd,k,dc,2024
298,Tigrai,Dilla,dd,k,dc,2024
298,Tigrai,Dilla,dd,k,dc,2024
298,Tigrai,Dilla,dd,k,dc,2024
298,Tigrai,Dilla,dd,k,dc,2024
298,Tigrai,Dilla,dd,k,dc,2024
298,Tigrai,Dilla,dd,k,dc,2024
298,Tigrai,Dilla,dd,k,dc,2024
298,Tigrai,Dilla,dd,k,dc,2024
298,Tigrai,Dilla,dd,k,dc,2024
298,Tigrai,Dilla,dd,k,dc,2024
298,Tigrai,Dilla,dd,k,dc,2024
298,Tigrai,Dilla,dd,k,dc,2024
298,Tigrai,Dilla,dd,k,dc,2024
298,Tigrai,Dilla,dd,k,dc,2024
298,Tigrai,Dilla,dd,k,dc,2024
298,Tigrai,Dilla,dd,k,dc,2024
298,Tigrai,Dilla,dd,k,dc,2024
298,Tigrai,Dilla,dd,k,dc,2024
298,Tigrai,Dilla,dd,k,dc,2024
298,Tigrai,Dilla,dd,k,dc,2024
298,Tigrai,Dilla,dd,k,dc,2024
298,Tigrai,Dilla,dd,k,dc,2024
298,Tigrai,Dilla,dd,k,dc,2024
298,Tigrai,Dilla,dd,k,dc,2024
298,Tigrai,Dilla,dd,k,dc,2024
298,Tigrai,Dilla,dd,k,dc,2024
298,Tigrai,Dilla,dd,k,dc,2024
298,Tigrai,Dilla,dd,k,dc,2024
298,Tigrai,Dilla,dd,k,dc,2024
298,Tigrai,Dilla,dd,k,dc,2024
298,Tigrai,Dilla,dd,k,dc,2024
298,Tigrai,Dilla,dd,k,dc,2024
298,Tigrai,Dilla,dd,k,dc,2024
298,Tigrai,Dilla,dd,k,dc,2024
298,Tigrai,Dilla,dd,k,dc,2024
298,Tigrai,Dilla,dd,k,dc,2024
298,Tigrai,Dilla,dd,k,dc,2024
298,Tigrai,Dilla,dd,k,dc,2024
298,Tigrai,Dilla,dd,k,dc,2024
298,Tigrai,Dilla,dd,k,dc,2024
298,Tigrai,Dilla,dd,k,dc,2024
298,Tigrai,Dilla,dd,k,dc,2024
298,Tigrai,Dilla,dd,k,dc,2024
298,Tigrai,Dilla,dd,k,dc,2024
298,Tigrai,Dilla,dd,k,dc,2024
298,Tigrai,Dilla,dd,k,dc,2024
298,Tigrai,Dilla,dd,k,dc,2024
293,Tigrai,hangoda,hangoda 01 st ET,kas,Tigrai,2024
298,Tigrai,Dilla,dd,k,dc,2024
293,Tigrai,hangoda,hangoda 01 st ET,kas,Tigrai,2024
298,Tigrai,Dilla,dd,k,dc,2024
293,Tigrai,hangoda,hangoda 01 st ET,kas,Tigrai,2024
298,Tigrai,Dilla,dd,k,dc,2024
293,Tigrai,hangoda,hangoda 01 st ET,kas,Tigrai,2024
298,Tigrai,Dilla,dd,k,dc,2024
293,Tigrai,hangoda,hangoda 01 st ET,kas,Tigrai,2024
298,Tigrai,Dilla,dd,k,dc,2024
293,Tigrai,hangoda,hangoda 01 st ET,kas,Tigrai,2024
298,Tigrai,Dilla,dd,k,dc,2024
293,Tigrai,hangoda,hangoda 01 st ET,kas,Tigrai,2024
298,Tigrai,Dilla,dd,k,dc,2024
293,Tigrai,hangoda,hangoda 01 st ET,kas,Tigrai,2024
298,Tigrai,Dilla,dd,k,dc,2024
293,Tigrai,hangoda,hangoda 01 st ET,kas,Tigrai,2024
298,Tigrai,Dilla,dd,k,dc,2024
293,Tigrai,hangoda,hangoda 01 st ET,kas,Tigrai,2024
298,Tigrai,Dilla,dd,k,dc,2024
293,Tigrai,hangoda,hangoda 01 st ET,kas,Tigrai,2024
298,Tigrai,Dilla,dd,k,dc,2024
293,Tigrai,hangoda,hangoda 01 st ET,kas,Tigrai,2024
298,Tigrai,Dilla,dd,k,dc,2024
293,Tigrai,hangoda,hangoda 01 st ET,kas,Tigrai,2024
298,Tigrai,Dilla,dd,k,dc,2024
293,Tigrai,hangoda,hangoda 01 st ET,kas,Tigrai,2024
298,Tigrai,Dilla,dd,k,dc,2024
293,Tigrai,hangoda,hangoda 01 st ET,kas,Tigrai,2024
298,Tigrai,Dilla,dd,k,dc,2024
293,Tigrai,hangoda,hangoda 01 st ET,kas,Tigrai,2024
298,Tigrai,Dilla,dd,k,dc,2024
293,Tigrai,hangoda,hangoda 01 st ET,kas,Tigrai,2024
298,Tigrai,Dilla,dd,k,dc,2024
293,Tigrai,hangoda,hangoda 01 st ET,kas,Tigrai,2024
298,Tigrai,Dilla,dd,k,dc,2024
293,Tigrai,hangoda,hangoda 01 st ET,kas,Tigrai,2024
298,Tigrai,Dilla,dd,k,dc,2024
293,Tigrai,hangoda,hangoda 01 st ET,kas,Tigrai,2024
298,Tigrai,Dilla,dd,k,dc,2024
293,Tigrai,hangoda,hangoda 01 st ET,kas,Tigrai,2024
298,Tigrai,Dilla,dd,k,dc,2024
293,Tigrai,hangoda,hangoda 01 st ET,kas,Tigrai,2024
298,Tigrai,Dilla,dd,k,dc,2024
293,Tigrai,hangoda,hangoda 01 st ET,kas,Tigrai,2024
298,Tigrai,Dilla,dd,k,dc,2024
293,Tigrai,hangoda,hangoda 01 st ET,kas,Tigrai,2024
298,Tigrai,Dilla,dd,k,dc,2024
293,Tigrai,hangoda,hangoda 01 st ET,kas,Tigrai,2024
298,Tigrai,Dilla,dd,k,dc,2024
293,Tigrai,hangoda,hangoda 01 st ET,kas,Tigrai,2024
298,Tigrai,Dilla,dd,k,dc,2024
293,Tigrai,hangoda,hangoda 01 st ET,kas,Tigrai,2024
298,Tigrai,Dilla,dd,k,dc,2024
293,Tigrai,hangoda,hangoda 01 st ET,kas,Tigrai,2024
298,Tigrai,Dilla,dd,k,dc,2024
293,Tigrai,hangoda,hangoda 01 st ET,kas,Tigrai,2024
298,Tigrai,Dilla,dd,k,dc,2024
293,Tigrai,hangoda,hangoda 01 st ET,kas,Tigrai,2024
298,Tigrai,Dilla,dd,k,dc,2024
293,Tigrai,hangoda,hangoda 01 st ET,kas,Tigrai,2024
298,Tigrai,Dilla,dd,k,dc,2024
293,Tigrai,hangoda,hangoda 01 st ET,kas,Tigrai,2024
298,Tigrai,Dilla,dd,k,dc,2024
293,Tigrai,hangoda,hangoda 01 st ET,kas,Tigrai,2024
298,Tigrai,Dilla,dd,k,dc,2024
293,Tigrai,hangoda,hangoda 01 st ET,kas,Tigrai,2024
298,Tigrai,Dilla,dd,k,dc,2024
293,Tigrai,hangoda,hangoda 01 st ET,kas,Tigrai,2024
298,Tigrai,Dilla,dd,k,dc,2024
293,Tigrai,hangoda,hangoda 01 st ET,kas,Tigrai,2024
298,Tigrai,Dilla,dd,k,dc,2024
293,Tigrai,hangoda,hangoda 01 st ET,kas,Tigrai,2024
298,Tigrai,Dilla,dd,k,dc,2024
293,Tigrai,hangoda,hangoda 01 st ET,kas,Tigrai,2024
298,Tigrai,Dilla,dd,k,dc,2024
293,Tigrai,hangoda,hangoda 01 st ET,kas,Tigrai,2024
298,Tigrai,Dilla,dd,k,dc,2024
293,Tigrai,hangoda,hangoda 01 st ET,kas,Tigrai,2024
298,Tigrai,Dilla,dd,k,dc,2024
293,Tigrai,hangoda,hangoda 01 st ET,kas,Tigrai,2024
298,Tigrai,Dilla,dd,k,dc,2024
293,Tigrai,hangoda,hangoda 01 st ET,kas,Tigrai,2024
298,Tigrai,Dilla,dd,k,dc,2024
293,Tigrai,hangoda,hangoda 01 st ET,kas,Tigrai,2024
298,Tigrai,Dilla,dd,k,dc,2024
293,Tigrai,hangoda,hangoda 01 st ET,kas,Tigrai,2024
298,Tigrai,Dilla,dd,k,dc,2024
293,Tigrai,hangoda,hangoda 01 st ET,kas,Tigrai,2024
298,Tigrai,Dilla,dd,k,dc,2024
293,Tigrai,hangoda,hangoda 01 st ET,kas,Tigrai,2024
298,Tigrai,Dilla,dd,k,dc,2024
293,Tigrai,hangoda,hangoda 01 st ET,kas,Tigrai,2024
298,Tigrai,Dilla,dd,k,dc,2024
293,Tigrai,hangoda,hangoda 01 st ET,kas,Tigrai,2024
298,Tigrai,Dilla,dd,k,dc,2024
293,Tigrai,hangoda,hangoda 01 st ET,kas,Tigrai,2024
298,Tigrai,Dilla,dd,k,dc,2024
293,Tigrai,hangoda,hangoda 01 st ET,kas,Tigrai,2024
298,Tigrai,Dilla,dd,k,dc,2024
293,Tigrai,hangoda,hangoda 01 st ET,kas,Tigrai,2024
298,Tigrai,Dilla,dd,k,dc,2024
293,Tigrai,hangoda,hangoda 01 st ET,kas,Tigrai,2024
298,Tigrai,Dilla,dd,k,dc,2024
293,Tigrai,hangoda,hangoda 01 st ET,kas,Tigrai,2024
298,Tigrai,Dilla,dd,k,dc,2024
293,Tigrai,hangoda,hangoda 01 st ET,kas,Tigrai,2024
298,Tigrai,Dilla,dd,k,dc,2024
293,Tigrai,hangoda,hangoda 01 st ET,kas,Tigrai,2024
298,Tigrai,Dilla,dd,k,dc,2024
293,Tigrai,hangoda,hangoda 01 st ET,kas,Tigrai,2024
298,Tigrai,Dilla,dd,k,dc,2024
293,Tigrai,hangoda,hangoda 01 st ET,kas,Tigrai,2024
298,Tigrai,Dilla,dd,k,dc,2024
293,Tigrai,hangoda,hangoda 01 st ET,kas,Tigrai,2024
298,Tigrai,Dilla,dd,k,dc,2024
293,Tigrai,hangoda,hangoda 01 st ET,kas,Tigrai,2024
298,Tigrai,Dilla,dd,k,dc,2024
293,Tigrai,hangoda,hangoda 01 st ET,kas,Tigrai,2024
298,Tigrai,Dilla,dd,k,dc,2024
293,Tigrai,hangoda,hangoda 01 st ET,kas,Tigrai,2024
298,Tigrai,Dilla,dd,k,dc,2024
293,Tigrai,hangoda,hangoda 01 st ET,kas,Tigrai,2024
298,Tigrai,Dilla,dd,k,dc,2024
293,Tigrai,hangoda,hangoda 01 st ET,kas,Tigrai,2024
298,Tigrai,Dilla,dd,k,dc,2024
293,Tigrai,hangoda,hangoda 01 st ET,kas,Tigrai,2024
298,Tigrai,Dilla,dd,k,dc,2024
293,Tigrai,hangoda,hangoda 01 st ET,kas,Tigrai,2024
298,Tigrai,Dilla,dd,k,dc,2024
293,Tigrai,hangoda,hangoda 01 st ET,kas,Tigrai,2024
298,Tigrai,Dilla,dd,k,dc,2024
293,Tigrai,hangoda,hangoda 01 st ET,kas,Tigrai,2024
298,Tigrai,Dilla,dd,k,dc,2024
293,Tigrai,hangoda,hangoda 01 st ET,kas,Tigrai,2024
298,Tigrai,Dilla,dd,k,dc,2024
293,Tigrai,hangoda,hangoda 01 st ET,kas,Tigrai,2024
298,Tigrai,Dilla,dd,k,dc,2024
293,Tigrai,hangoda,hangoda 01 st ET,kas,Tigrai,2024
298,Tigrai,Dilla,dd,k,dc,2024
293,Tigrai,hangoda,hangoda 01 st ET,kas,Tigrai,2024
298,Tigrai,Dilla,dd,k,dc,2024
293,Tigrai,hangoda,hangoda 01 st ET,kas,Tigrai,2024
298,Tigrai,Dilla,dd,k,dc,2024
293,Tigrai,hangoda,hangoda 01 st ET,kas,Tigrai,2024
298,Tigrai,Dilla,dd,k,dc,2024
293,Tigrai,hangoda,hangoda 01 st ET,kas,Tigrai,2024
298,Tigrai,Dilla,dd,k,dc,2024
293,Tigrai,hangoda,hangoda 01 st ET,kas,Tigrai,2024
298,Tigrai,Dilla,dd,k,dc,2024
293,Tigrai,hangoda,hangoda 01 st ET,kas,Tigrai,2024
298,Tigrai,Dilla,dd,k,dc,2024
293,Tigrai,hangoda,hangoda 01 st ET,kas,Tigrai,2024
298,Tigrai,Dilla,dd,k,dc,2024
293,Tigrai,hangoda,hangoda 01 st ET,kas,Tigrai,2024
298,Tigrai,Dilla,dd,k,dc,2024
293,Tigrai,hangoda,hangoda 01 st ET,kas,Tigrai,2024
298,Tigrai,Dilla,dd,k,dc,2024
293,Tigrai,hangoda,hangoda 01 st ET,kas,Tigrai,2024
298,Tigrai,Dilla,dd,k,dc,2024
293,Tigrai,hangoda,hangoda 01 st ET,kas,Tigrai,2024
298,Tigrai,Dilla,dd,k,dc,2024
293,Tigrai,hangoda,hangoda 01 st ET,kas,Tigrai,2024
298,Tigrai,Dilla,dd,k,dc,2024
293,Tigrai,hangoda,hangoda 01 st ET,kas,Tigrai,2024
298,Tigrai,Dilla,dd,k,dc,2024
293,Tigrai,hangoda,hangoda 01 st ET,kas,Tigrai,2024
298,Tigrai,Dilla,dd,k,dc,2024
293,Tigrai,hangoda,hangoda 01 st ET,kas,Tigrai,2024
298,Tigrai,Dilla,dd,k,dc,2024
293,Tigrai,hangoda,hangoda 01 st ET,kas,Tigrai,2024
298,Tigrai,Dilla,dd,k,dc,2024
293,Tigrai,hangoda,hangoda 01 st ET,kas,Tigrai,2024
298,Tigrai,Dilla,dd,k,dc,2024
293,Tigrai,hangoda,hangoda 01 st ET,kas,Tigrai,2024
298,Tigrai,Dilla,dd,k,dc,2024
293,Tigrai,hangoda,hangoda 01 st ET,kas,Tigrai,2024
298,Tigrai,Dilla,dd,k,dc,2024
293,Tigrai,hangoda,hangoda 01 st ET,kas,Tigrai,2024
298,Tigrai,Dilla,dd,k,dc,2024
293,Tigrai,hangoda,hangoda 01 st ET,kas,Tigrai,2024
298,Tigrai,Dilla,dd,k,dc,2024
293,Tigrai,hangoda,hangoda 01 st ET,kas,Tigrai,2024
298,Tigrai,Dilla,dd,k,dc,2024
293,Tigrai,hangoda,hangoda 01 st ET,kas,Tigrai,2024
298,Tigrai,Dilla,dd,k,dc,2024
293,Tigrai,hangoda,hangoda 01 st ET,kas,Tigrai,2024
298,Tigrai,Dilla,dd,k,dc,2024
293,Tigrai,hangoda,hangoda 01 st ET,kas,Tigrai,2024
298,Tigrai,Dilla,dd,k,dc,2024
293,Tigrai,hangoda,hangoda 01 st ET,kas,Tigrai,2024
298,Tigrai,Dilla,dd,k,dc,2024
293,Tigrai,hangoda,hangoda 01 st ET,kas,Tigrai,2024
298,Tigrai,Dilla,dd,k,dc,2024
293,Tigrai,hangoda,hangoda 01 st ET,kas,Tigrai,2024
298,Tigrai,Dilla,dd,k,dc,2024
293,Tigrai,hangoda,hangoda 01 st ET,kas,Tigrai,2024
298,Tigrai,Dilla,dd,k,dc,2024
293,Tigrai,hangoda,hangoda 01 st ET,kas,Tigrai,2024
298,Tigrai,Dilla,dd,k,dc,2024
293,Tigrai,hangoda,hangoda 01 st ET,kas,Tigrai,2024
298,Tigrai,Dilla,dd,k,dc,2024
293,Tigrai,hangoda,hangoda 01 st ET,kas,Tigrai,2024
298,Tigrai,Dilla,dd,k,dc,2024
293,Tigrai,hangoda,hangoda 01 st ET,kas,Tigrai,2024
298,Tigrai,Dilla,dd,k,dc,2024
293,Tigrai,hangoda,hangoda 01 st ET,kas,Tigrai,2024
298,Tigrai,Dilla,dd,k,dc,2024
293,Tigrai,hangoda,hangoda 01 st ET,kas,Tigrai,2024
298,Tigrai,Dilla,dd,k,dc,2024
293,Tigrai,hangoda,hangoda 01 st ET,kas,Tigrai,2024
298,Tigrai,Dilla,dd,k,dc,2024
293,Tigrai,hangoda,hangoda 01 st ET,kas,Tigrai,2024
298,Tigrai,Dilla,dd,k,dc,2024
293,Tigrai,hangoda,hangoda 01 st ET,kas,Tigrai,2024
298,Tigrai,Dilla,dd,k,dc,2024
293,Tigrai,hangoda,hangoda 01 st ET,kas,Tigrai,2024
298,Tigrai,Dilla,dd,k,dc,2024
293,Tigrai,hangoda,hangoda 01 st ET,kas,Tigrai,2024
298,Tigrai,Dilla,dd,k,dc,2024
293,Tigrai,hangoda,hangoda 01 st ET,kas,Tigrai,2024
298,Tigrai,Dilla,dd,k,dc,2024
293,Tigrai,hangoda,hangoda 01 st ET,kas,Tigrai,2024
298,Tigrai,Dilla,dd,k,dc,2024
293,Tigrai,hangoda,hangoda 01 st ET,kas,Tigrai,2024
298,Tigrai,Dilla,dd,k,dc,2024
293,Tigrai,hangoda,hangoda 01 st ET,kas,Tigrai,2024
298,Tigrai,Dilla,dd,k,dc,2024
293,Tigrai,hangoda,hangoda 01 st ET,kas,Tigrai,2024
298,Tigrai,Dilla,dd,k,dc,2024
293,Tigrai,hangoda,hangoda 01 st ET,kas,Tigrai,2024
298,Tigrai,Dilla,dd,k,dc,2024
293,Tigrai,hangoda,hangoda 01 st ET,kas,Tigrai,2024
298,Tigrai,Dilla,dd,k,dc,2024
293,Tigrai,hangoda,hangoda 01 st ET,kas,Tigrai,2024
298,Tigrai,Dilla,dd,k,dc,2024
293,Tigrai,hangoda,hangoda 01 st ET,kas,Tigrai,2024
298,Tigrai,Dilla,dd,k,dc,2024
293,Tigrai,hangoda,hangoda 01 st ET,kas,Tigrai,2024
298,Tigrai,Dilla,dd,k,dc,2024
293,Tigrai,hangoda,hangoda 01 st ET,kas,Tigrai,2024
298,Tigrai,Dilla,dd,k,dc,2024
293,Tigrai,hangoda,hangoda 01 st ET,kas,Tigrai,2024
298,Tigrai,Dilla,dd,k,dc,2024
293,Tigrai,hangoda,hangoda 01 st ET,kas,Tigrai,2024
298,Tigrai,Dilla,dd,k,dc,2024
293,Tigrai,hangoda,hangoda 01 st ET,kas,Tigrai,2024
298,Tigrai,Dilla,dd,k,dc,2024
293,Tigrai,hangoda,hangoda 01 st ET,kas,Tigrai,2024
298,Tigrai,Dilla,dd,k,dc,2024
293,Tigrai,hangoda,hangoda 01 st ET,kas,Tigrai,2024
298,Tigrai,Dilla,dd,k,dc,2024
293,Tigrai,hangoda,hangoda 01 st ET,kas,Tigrai,2024
298,Tigrai,Dilla,dd,k,dc,2024
293,Tigrai,hangoda,hangoda 01 st ET,kas,Tigrai,2024
298,Tigrai,Dilla,dd,k,dc,2024
293,Tigrai,hangoda,hangoda 01 st ET,kas,Tigrai,2024
298,Tigrai,Dilla,dd,k,dc,2024
293,Tigrai,hangoda,hangoda 01 st ET,kas,Tigrai,2024
298,Tigrai,Dilla,dd,k,dc,2024
293,Tigrai,hangoda,hangoda 01 st ET,kas,Tigrai,2024
298,Tigrai,Dilla,dd,k,dc,2024
293,Tigrai,hangoda,hangoda 01 st ET,kas,Tigrai,2024
298,Tigrai,Dilla,dd,k,dc,2024
293,Tigrai,hangoda,hangoda 01 st ET,kas,Tigrai,2024
298,Tigrai,Dilla,dd,k,dc,2024
293,Tigrai,hangoda,hangoda 01 st ET,kas,Tigrai,2024
298,Tigrai,Dilla,dd,k,dc,2024
293,Tigrai,hangoda,hangoda 01 st ET,kas,Tigrai,2024
298,Tigrai,Dilla,dd,k,dc,2024
293,Tigrai,hangoda,hangoda 01 st ET,kas,Tigrai,2024
298,Tigrai,Dilla,dd,k,dc,2024
293,Tigrai,hangoda,hangoda 01 st ET,kas,Tigrai,2024
298,Tigrai,Dilla,dd,k,dc,2024
293,Tigrai,hangoda,hangoda 01 st ET,kas,Tigrai,2024
298,Tigrai,Dilla,dd,k,dc,2024
293,Tigrai,hangoda,hangoda 01 st ET,kas,Tigrai,2024
298,Tigrai,Dilla,dd,k,dc,2024
293,Tigrai,hangoda,hangoda 01 st ET,kas,Tigrai,2024
298,Tigrai,Dilla,dd,k,dc,2024
293,Tigrai,hangoda,hangoda 01 st ET,kas,Tigrai,2024
298,Tigrai,Dilla,dd,k,dc,2024
293,Tigrai,hangoda,hangoda 01 st ET,kas,Tigrai,2024
298,Tigrai,Dilla,dd,k,dc,2024
293,Tigrai,hangoda,hangoda 01 st ET,kas,Tigrai,2024
298,Tigrai,Dilla,dd,k,dc,2024
293,Tigrai,hangoda,hangoda 01 st ET,kas,Tigrai,2024
298,Tigrai,Dilla,dd,k,dc,2024
293,Tigrai,hangoda,hangoda 01 st ET,kas,Tigrai,2024
298,Tigrai,Dilla,dd,k,dc,2024
293,Tigrai,hangoda,hangoda 01 st ET,kas,Tigrai,2024
298,Tigrai,Dilla,dd,k,dc,2024
293,Tigrai,hangoda,hangoda 01 st ET,kas,Tigrai,2024
298,Tigrai,Dilla,dd,k,dc,2024
293,Tigrai,hangoda,hangoda 01 st ET,kas,Tigrai,2024
298,Tigrai,Dilla,dd,k,dc,2024
293,Tigrai,hangoda,hangoda 01 st ET,kas,Tigrai,2024
298,Tigrai,Dilla,dd,k,dc,2024
293,Tigrai,hangoda,hangoda 01 st ET,kas,Tigrai,2024
298,Tigrai,Dilla,dd,k,dc,2024
293,Tigrai,hangoda,hangoda 01 st ET,kas,Tigrai,2024
298,Tigrai,Dilla,dd,k,dc,2024
293,Tigrai,hangoda,hangoda 01 st ET,kas,Tigrai,2024
298,Tigrai,Dilla,dd,k,dc,2024
293,Tigrai,hangoda,hangoda 01 st ET,kas,Tigrai,2024
298,Tigrai,Dilla,dd,k,dc,2024
293,Tigrai,hangoda,hangoda 01 st ET,kas,Tigrai,2024
298,Tigrai,Dilla,dd,k,dc,2024
293,Tigrai,hangoda,hangoda 01 st ET,kas,Tigrai,2024
298,Tigrai,Dilla,dd,k,dc,2024
293,Tigrai,hangoda,hangoda 01 st ET,kas,Tigrai,2024
298,Tigrai,Dilla,dd,k,dc,2024
293,Tigrai,hangoda,hangoda 01 st ET,kas,Tigrai,2024
298,Tigrai,Dilla,dd,k,dc,2024
293,Tigrai,hangoda,hangoda 01 st ET,kas,Tigrai,2024
298,Tigrai,Dilla,dd,k,dc,2024
293,Tigrai,hangoda,hangoda 01 st ET,kas,Tigrai,2024
298,Tigrai,Dilla,dd,k,dc,2024
293,Tigrai,hangoda,hangoda 01 st ET,kas,Tigrai,2024
298,Tigrai,Dilla,dd,k,dc,2024
293,Tigrai,hangoda,hangoda 01 st ET,kas,Tigrai,2024
298,Tigrai,Dilla,dd,k,dc,2024
293,Tigrai,hangoda,hangoda 01 st ET,kas,Tigrai,2024
298,Tigrai,Dilla,dd,k,dc,2024
293,Tigrai,hangoda,hangoda 01 st ET,kas,Tigrai,2024
298,Tigrai,Dilla,dd,k,dc,2024
293,Tigrai,hangoda,hangoda 01 st ET,kas,Tigrai,2024
298,Tigrai,Dilla,dd,k,dc,2024
293,Tigrai,hangoda,hangoda 01 st ET,kas,Tigrai,2024
298,Tigrai,Dilla,dd,k,dc,2024
293,Tigrai,hangoda,hangoda 01 st ET,kas,Tigrai,2024
298,Tigrai,Dilla,dd,k,dc,2024
293,Tigrai,hangoda,hangoda 01 st ET,kas,Tigrai,2024
298,Tigrai,Dilla,dd,k,dc,2024
293,Tigrai,hangoda,hangoda 01 st ET,kas,Tigrai,2024
298,Tigrai,Dilla,dd,k,dc,2024
293,Tigrai,hangoda,hangoda 01 st ET,kas,Tigrai,2024
298,Tigrai,Dilla,dd,k,dc,2024
293,Tigrai,hangoda,hangoda 01 st ET,kas,Tigrai,2024
298,Tigrai,Dilla,dd,k,dc,2024
293,Tigrai,hangoda,hangoda 01 st ET,kas,Tigrai,2024
298,Tigrai,Dilla,dd,k,dc,2024
293,Tigrai,hangoda,hangoda 01 st ET,kas,Tigrai,2024
298,Tigrai,Dilla,dd,k,dc,2024
293,Tigrai,hangoda,hangoda 01 st ET,kas,Tigrai,2024
298,Tigrai,Dilla,dd,k,dc,2024
293,Tigrai,hangoda,hangoda 01 st ET,kas,Tigrai,2024
298,Tigrai,Dilla,dd,k,dc,2024
293,Tigrai,hangoda,hangoda 01 st ET,kas,Tigrai,2024
298,Tigrai,Dilla,dd,k,dc,2024
293,Tigrai,hangoda,hangoda 01 st ET,kas,Tigrai,2024
298,Tigrai,Dilla,dd,k,dc,2024
293,Tigrai,hangoda,hangoda 01 st ET,kas,Tigrai,2024
298,Tigrai,Dilla,dd,k,dc,2024
293,Tigrai,hangoda,hangoda 01 st ET,kas,Tigrai,2024
298,Tigrai,Dilla,dd,k,dc,2024
293,Tigrai,hangoda,hangoda 01 st ET,kas,Tigrai,2024
298,Tigrai,Dilla,dd,k,dc,2024
293,Tigrai,hangoda,hangoda 01 st ET,kas,Tigrai,2024
298,Tigrai,Dilla,dd,k,dc,2024
293,Tigrai,hangoda,hangoda 01 st ET,kas,Tigrai,2024
298,Tigrai,Dilla,dd,k,dc,2024
293,Tigrai,hangoda,hangoda 01 st ET,kas,Tigrai,2024
298,Tigrai,Dilla,dd,k,dc,2024
293,Tigrai,hangoda,hangoda 01 st ET,kas,Tigrai,2024
298,Tigrai,Dilla,dd,k,dc,2024
293,Tigrai,hangoda,hangoda 01 st ET,kas,Tigrai,2024
298,Tigrai,Dilla,dd,k,dc,2024
293,Tigrai,hangoda,hangoda 01 st ET,kas,Tigrai,2024
298,Tigrai,Dilla,dd,k,dc,2024
293,Tigrai,hangoda,hangoda 01 st ET,kas,Tigrai,2024
298,Tigrai,Dilla,dd,k,dc,2024
293,Tigrai,hangoda,hangoda 01 st ET,kas,Tigrai,2024
298,Tigrai,Dilla,dd,k,dc,2024
293,Tigrai,hangoda,hangoda 01 st ET,kas,Tigrai,2024
298,Tigrai,Dilla,dd,k,dc,2024
293,Tigrai,hangoda,hangoda 01 st ET,kas,Tigrai,2024
298,Tigrai,Dilla,dd,k,dc,2024
293,Tigrai,hangoda,hangoda 01 st ET,kas,Tigrai,2024
298,Tigrai,Dilla,dd,k,dc,2024
293,Tigrai,hangoda,hangoda 01 st ET,kas,Tigrai,2024
298,Tigrai,Dilla,dd,k,dc,2024
293,Tigrai,hangoda,hangoda 01 st ET,kas,Tigrai,2024
298,Tigrai,Dilla,dd,k,dc,2024
293,Tigrai,hangoda,hangoda 01 st ET,kas,Tigrai,2024
298,Tigrai,Dilla,dd,k,dc,2024
293,Tigrai,hangoda,hangoda 01 st ET,kas,Tigrai,2024
298,Tigrai,Dilla,dd,k,dc,2024
293,Tigrai,hangoda,hangoda 01 st ET,kas,Tigrai,2024
298,Tigrai,Dilla,dd,k,dc,2024
293,Tigrai,hangoda,hangoda 01 st ET,kas,Tigrai,2024
298,Tigrai,Dilla,dd,k,dc,2024
293,Tigrai,hangoda,hangoda 01 st ET,kas,Tigrai,2024
298,Tigrai,Dilla,dd,k,dc,2024
293,Tigrai,hangoda,hangoda 01 st ET,kas,Tigrai,2024
298,Tigrai,Dilla,dd,k,dc,2024
293,Tigrai,hangoda,hangoda 01 st ET,kas,Tigrai,2024
298,Tigrai,Dilla,dd,k,dc,2024
293,Tigrai,hangoda,hangoda 01 st ET,kas,Tigrai,2024
298,Tigrai,Dilla,dd,k,dc,2024
293,Tigrai,hangoda,hangoda 01 st ET,kas,Tigrai,2024
298,Tigrai,Dilla,dd,k,dc,2024
293,Tigrai,hangoda,hangoda 01 st ET,kas,Tigrai,2024
298,Tigrai,Dilla,dd,k,dc,2024
293,Tigrai,hangoda,hangoda 01 st ET,kas,Tigrai,2024
298,Tigrai,Dilla,dd,k,dc,2024
293,Tigrai,hangoda,hangoda 01 st ET,kas,Tigrai,2024
298,Tigrai,Dilla,dd,k,dc,2024
293,Tigrai,hangoda,hangoda 01 st ET,kas,Tigrai,2024
298,Tigrai,Dilla,dd,k,dc,2024
293,Tigrai,hangoda,hangoda 01 st ET,kas,Tigrai,2024
298,Tigrai,Dilla,dd,k,dc,2024
293,Tigrai,hangoda,hangoda 01 st ET,kas,Tigrai,2024
298,Tigrai,Dilla,dd,k,dc,2024
293,Tigrai,hangoda,hangoda 01 st ET,kas,Tigrai,2024
298,Tigrai,Dilla,dd,k,dc,2024
293,Tigrai,hangoda,hangoda 01 st ET,kas,Tigrai,2024
298,Tigrai,Dilla,dd,k,dc,2024
293,Tigrai,hangoda,hangoda 01 st ET,kas,Tigrai,2024
298,Tigrai,Dilla,dd,k,dc,2024
293,Tigrai,hangoda,hangoda 01 st ET,kas,Tigrai,2024
298,Tigrai,Dilla,dd,k,dc,2024
293,Tigrai,hangoda,hangoda 01 st ET,kas,Tigrai,2024
298,Tigrai,Dilla,dd,k,dc,2024
293,Tigrai,hangoda,hangoda 01 st ET,kas,Tigrai,2024
298,Tigrai,Dilla,dd,k,dc,2024
293,Tigrai,hangoda,hangoda 01 st ET,kas,Tigrai,2024
298,Tigrai,Dilla,dd,k,dc,2024
293,Tigrai,hangoda,hangoda 01 st ET,kas,Tigrai,2024
298,Tigrai,Dilla,dd,k,dc,2024
293,Tigrai,hangoda,hangoda 01 st ET,kas,Tigrai,2024
298,Tigrai,Dilla,dd,k,dc,2024
293,Tigrai,hangoda,hangoda 01 st ET,kas,Tigrai,2024
298,Tigrai,Dilla,dd,k,dc,2024
293,Tigrai,hangoda,hangoda 01 st ET,kas,Tigrai,2024
298,Tigrai,Dilla,dd,k,dc,2024
293,Tigrai,hangoda,hangoda 01 st ET,kas,Tigrai,2024
298,Tigrai,Dilla,dd,k,dc,2024
293,Tigrai,hangoda,hangoda 01 st ET,kas,Tigrai,2024
298,Tigrai,Dilla,dd,k,dc,2024
293,Tigrai,hangoda,hangoda 01 st ET,kas,Tigrai,2024
298,Tigrai,Dilla,dd,k,dc,2024
293,Tigrai,hangoda,hangoda 01 st ET,kas,Tigrai,2024
298,Tigrai,Dilla,dd,k,dc,2024
293,Tigrai,hangoda,hangoda 01 st ET,kas,Tigrai,2024
298,Tigrai,Dilla,dd,k,dc,2024
293,Tigrai,hangoda,hangoda 01 st ET,kas,Tigrai,2024
298,Tigrai,Dilla,dd,k,dc,2024
293,Tigrai,hangoda,hangoda 01 st ET,kas,Tigrai,2024
298,Tigrai,Dilla,dd,k,dc,2024
293,Tigrai,hangoda,hangoda 01 st ET,kas,Tigrai,2024
298,Tigrai,Dilla,dd,k,dc,2024
293,Tigrai,hangoda,hangoda 01 st ET,kas,Tigrai,2024
298,Tigrai,Dilla,dd,k,dc,2024
293,Tigrai,hangoda,hangoda 01 st ET,kas,Tigrai,2024
298,Tigrai,Dilla,dd,k,dc,2024
293,Tigrai,hangoda,hangoda 01 st ET,kas,Tigrai,2024
298,Tigrai,Dilla,dd,k,dc,2024
293,Tigrai,hangoda,hangoda 01 st ET,kas,Tigrai,2024
298,Tigrai,Dilla,dd,k,dc,2024
293,Tigrai,hangoda,hangoda 01 st ET,kas,Tigrai,2024
298,Tigrai,Dilla,dd,k,dc,2024
293,Tigrai,hangoda,hangoda 01 st ET,kas,Tigrai,2024
298,Tigrai,Dilla,dd,k,dc,2024
293,Tigrai,hangoda,hangoda 01 st ET,kas,Tigrai,2024
298,Tigrai,Dilla,dd,k,dc,2024
293,Tigrai,hangoda,hangoda 01 st ET,kas,Tigrai,2024
298,Tigrai,Dilla,dd,k,dc,2024
293,Tigrai,hangoda,hangoda 01 st ET,kas,Tigrai,2024
298,Tigrai,Dilla,dd,k,dc,2024
293,Tigrai,hangoda,hangoda 01 st ET,kas,Tigrai,2024
298,Tigrai,Dilla,dd,k,dc,2024
293,Tigrai,hangoda,hangoda 01 st ET,kas,Tigrai,2024
298,Tigrai,Dilla,dd,k,dc,2024
293,Tigrai,hangoda,hangoda 01 st ET,kas,Tigrai,2024
298,Tigrai,Dilla,dd,k,dc,2024
293,Tigrai,hangoda,hangoda 01 st ET,kas,Tigrai,2024
298,Tigrai,Dilla,dd,k,dc,2024
293,Tigrai,hangoda,hangoda 01 st ET,kas,Tigrai,2024
298,Tigrai,Dilla,dd,k,dc,2024
293,Tigrai,hangoda,hangoda 01 st ET,kas,Tigrai,2024
298,Tigrai,Dilla,dd,k,dc,2024
293,Tigrai,hangoda,hangoda 01 st ET,kas,Tigrai,2024
298,Tigrai,Dilla,dd,k,dc,2024
293,Tigrai,hangoda,hangoda 01 st ET,kas,Tigrai,2024
298,Tigrai,Dilla,dd,k,dc,2024
293,Tigrai,hangoda,hangoda 01 st ET,kas,Tigrai,2024
298,Tigrai,Dilla,dd,k,dc,2024
293,Tigrai,hangoda,hangoda 01 st ET,kas,Tigrai,2024
298,Tigrai,Dilla,dd,k,dc,2024
293,Tigrai,hangoda,hangoda 01 st ET,kas,Tigrai,2024
298,Tigrai,Dilla,dd,k,dc,2024
293,Tigrai,hangoda,hangoda 01 st ET,kas,Tigrai,2024
298,Tigrai,Dilla,dd,k,dc,2024
293,Tigrai,hangoda,hangoda 01 st ET,kas,Tigrai,2024
298,Tigrai,Dilla,dd,k,dc,2024
293,Tigrai,hangoda,hangoda 01 st ET,kas,Tigrai,2024
298,Tigrai,Dilla,dd,k,dc,2024
293,Tigrai,hangoda,hangoda 01 st ET,kas,Tigrai,2024
298,Tigrai,Dilla,dd,k,dc,2024
293,Tigrai,hangoda,hangoda 01 st ET,kas,Tigrai,2024
298,Tigrai,Dilla,dd,k,dc,2024
293,Tigrai,hangoda,hangoda 01 st ET,kas,Tigrai,2024
298,Tigrai,Dilla,dd,k,dc,2024
293,Tigrai,hangoda,hangoda 01 st ET,kas,Tigrai,2024
298,Tigrai,Dilla,dd,k,dc,2024
293,Tigrai,hangoda,hangoda 01 st ET,kas,Tigrai,2024
298,Tigrai,Dilla,dd,k,dc,2024
293,Tigrai,hangoda,hangoda 01 st ET,kas,Tigrai,2024
298,Tigrai,Dilla,dd,k,dc,2024
293,Tigrai,hangoda,hangoda 01 st ET,kas,Tigrai,2024
298,Tigrai,Dilla,dd,k,dc,2024
293,Tigrai,hangoda,hangoda 01 st ET,kas,Tigrai,2024
298,Tigrai,Dilla,dd,k,dc,2024
293,Tigrai,hangoda,hangoda 01 st ET,kas,Tigrai,2024
298,Tigrai,Dilla,dd,k,dc,2024
293,Tigrai,hangoda,hangoda 01 st ET,kas,Tigrai,2024
298,Tigrai,Dilla,dd,k,dc,2024
293,Tigrai,hangoda,hangoda 01 st ET,kas,Tigrai,2024
298,Tigrai,Dilla,dd,k,dc,2024
293,Tigrai,hangoda,hangoda 01 st ET,kas,Tigrai,2024
298,Tigrai,Dilla,dd,k,dc,2024
293,Tigrai,hangoda,hangoda 01 st ET,kas,Tigrai,2024
298,Tigrai,Dilla,dd,k,dc,2024
293,Tigrai,hangoda,hangoda 01 st ET,kas,Tigrai,2024
298,Tigrai,Dilla,dd,k,dc,2024
293,Tigrai,hangoda,hangoda 01 st ET,kas,Tigrai,2024
298,Tigrai,Dilla,dd,k,dc,2024
293,Tigrai,hangoda,hangoda 01 st ET,kas,Tigrai,2024
298,Tigrai,Dilla,dd,k,dc,2024
293,Tigrai,hangoda,hangoda 01 st ET,kas,Tigrai,2024
298,Tigrai,Dilla,dd,k,dc,2024
293,Tigrai,hangoda,hangoda 01 st ET,kas,Tigrai,2024
298,Tigrai,Dilla,dd,k,dc,2024
293,Tigrai,hangoda,hangoda 01 st ET,kas,Tigrai,2024
298,Tigrai,Dilla,dd,k,dc,2024
293,Tigrai,hangoda,hangoda 01 st ET,kas,Tigrai,2024
298,Tigrai,Dilla,dd,k,dc,2024
293,Tigrai,hangoda,hangoda 01 st ET,kas,Tigrai,2024
298,Tigrai,Dilla,dd,k,dc,2024
293,Tigrai,hangoda,hangoda 01 st ET,kas,Tigrai,2024
298,Tigrai,Dilla,dd,k,dc,2024
293,Tigrai,hangoda,hangoda 01 st ET,kas,Tigrai,2024
298,Tigrai,Dilla,dd,k,dc,2024
293,Tigrai,hangoda,hangoda 01 st ET,kas,Tigrai,2024
298,Tigrai,Dilla,dd,k,dc,2024
293,Tigrai,hangoda,hangoda 01 st ET,kas,Tigrai,2024
298,Tigrai,Dilla,dd,k,dc,2024
293,Tigrai,hangoda,hangoda 01 st ET,kas,Tigrai,2024
298,Tigrai,Dilla,dd,k,dc,2024
293,Tigrai,hangoda,hangoda 01 st ET,kas,Tigrai,2024
298,Tigrai,Dilla,dd,k,dc,2024
293,Tigrai,hangoda,hangoda 01 st ET,kas,Tigrai,2024
298,Tigrai,Dilla,dd,k,dc,2024
293,Tigrai,hangoda,hangoda 01 st ET,kas,Tigrai,2024
298,Tigrai,Dilla,dd,k,dc,2024
293,Tigrai,hangoda,hangoda 01 st ET,kas,Tigrai,2024
298,Tigrai,Dilla,dd,k,dc,2024
293,Tigrai,hangoda,hangoda 01 st ET,kas,Tigrai,2024
298,Tigrai,Dilla,dd,k,dc,2024
293,Tigrai,hangoda,hangoda 01 st ET,kas,Tigrai,2024
298,Tigrai,Dilla,dd,k,dc,2024
293,Tigrai,hangoda,hangoda 01 st ET,kas,Tigrai,2024
298,Tigrai,Dilla,dd,k,dc,2024
293,Tigrai,hangoda,hangoda 01 st ET,kas,Tigrai,2024
298,Tigrai,Dilla,dd,k,dc,2024
293,Tigrai,hangoda,hangoda 01 st ET,kas,Tigrai,2024
298,Tigrai,Dilla,dd,k,dc,2024
293,Tigrai,hangoda,hangoda 01 st ET,kas,Tigrai,2024
298,Tigrai,Dilla,dd,k,dc,2024
293,Tigrai,hangoda,hangoda 01 st ET,kas,Tigrai,2024
298,Tigrai,Dilla,dd,k,dc,2024
293,Tigrai,hangoda,hangoda 01 st ET,kas,Tigrai,2024
298,Tigrai,Dilla,dd,k,dc,2024
293,Tigrai,hangoda,hangoda 01 st ET,kas,Tigrai,2024
298,Tigrai,Dilla,dd,k,dc,2024
293,Tigrai,hangoda,hangoda 01 st ET,kas,Tigrai,2024
298,Tigrai,Dilla,dd,k,dc,2024
293,Tigrai,hangoda,hangoda 01 st ET,kas,Tigrai,2024
298,Tigrai,Dilla,dd,k,dc,2024
293,Tigrai,hangoda,hangoda 01 st ET,kas,Tigrai,2024
298,Tigrai,Dilla,dd,k,dc,2024
293,Tigrai,hangoda,hangoda 01 st ET,kas,Tigrai,2024
298,Tigrai,Dilla,dd,k,dc,2024
293,Tigrai,hangoda,hangoda 01 st ET,kas,Tigrai,2024
298,Tigrai,Dilla,dd,k,dc,2024
293,Tigrai,hangoda,hangoda 01 st ET,kas,Tigrai,2024
298,Tigrai,Dilla,dd,k,dc,2024
293,Tigrai,hangoda,hangoda 01 st ET,kas,Tigrai,2024
298,Tigrai,Dilla,dd,k,dc,2024
293,Tigrai,hangoda,hangoda 01 st ET,kas,Tigrai,2024
298,Tigrai,Dilla,dd,k,dc,2024
293,Tigrai,hangoda,hangoda 01 st ET,kas,Tigrai,2024
298,Tigrai,Dilla,dd,k,dc,2024
293,Tigrai,hangoda,hangoda 01 st ET,kas,Tigrai,2024
298,Tigrai,Dilla,dd,k,dc,2024
293,Tigrai,hangoda,hangoda 01 st ET,kas,Tigrai,2024
298,Tigrai,Dilla,dd,k,dc,2024
293,Tigrai,hangoda,hangoda 01 st ET,kas,Tigrai,2024
298,Tigrai,Dilla,dd,k,dc,2024
293,Tigrai,hangoda,hangoda 01 st ET,kas,Tigrai,2024
298,Tigrai,Dilla,dd,k,dc,2024
293,Tigrai,hangoda,hangoda 01 st ET,kas,Tigrai,2024
298,Tigrai,Dilla,dd,k,dc,2024
293,Tigrai,hangoda,hangoda 01 st ET,kas,Tigrai,2024
298,Tigrai,Dilla,dd,k,dc,2024
293,Tigrai,hangoda,hangoda 01 st ET,kas,Tigrai,2024
298,Tigrai,Dilla,dd,k,dc,2024
293,Tigrai,hangoda,hangoda 01 st ET,kas,Tigrai,2024
298,Tigrai,Dilla,dd,k,dc,2024
293,Tigrai,hangoda,hangoda 01 st ET,kas,Tigrai,2024
298,Tigrai,Dilla,dd,k,dc,2024
293,Tigrai,hangoda,hangoda 01 st ET,kas,Tigrai,2024
298,Tigrai,Dilla,dd,k,dc,2024
293,Tigrai,hangoda,hangoda 01 st ET,kas,Tigrai,2024
298,Tigrai,Dilla,dd,k,dc,2024
293,Tigrai,hangoda,hangoda 01 st ET,kas,Tigrai,2024
298,Tigrai,Dilla,dd,k,dc,2024
293,Tigrai,hangoda,hangoda 01 st ET,kas,Tigrai,2024
298,Tigrai,Dilla,dd,k,dc,2024
293,Tigrai,hangoda,hangoda 01 st ET,kas,Tigrai,2024
298,Tigrai,Dilla,dd,k,dc,2024
293,Tigrai,hangoda,hangoda 01 st ET,kas,Tigrai,2024
298,Tigrai,Dilla,dd,k,dc,2024
293,Tigrai,hangoda,hangoda 01 st ET,kas,Tigrai,2024
298,Tigrai,Dilla,dd,k,dc,2024
293,Tigrai,hangoda,hangoda 01 st ET,kas,Tigrai,2024
298,Tigrai,Dilla,dd,k,dc,2024
293,Tigrai,hangoda,hangoda 01 st ET,kas,Tigrai,2024
298,Tigrai,Dilla,dd,k,dc,2024
293,Tigrai,hangoda,hangoda 01 st ET,kas,Tigrai,2024
298,Tigrai,Dilla,dd,k,dc,2024
293,Tigrai,hangoda,hangoda 01 st ET,kas,Tigrai,2024
298,Tigrai,Dilla,dd,k,dc,2024
293,Tigrai,hangoda,hangoda 01 st ET,kas,Tigrai,2024
298,Tigrai,Dilla,dd,k,dc,2024
293,Tigrai,hangoda,hangoda 01 st ET,kas,Tigrai,2024
298,Tigrai,Dilla,dd,k,dc,2024
293,Tigrai,hangoda,hangoda 01 st ET,kas,Tigrai,2024
298,Tigrai,Dilla,dd,k,dc,2024
293,Tigrai,hangoda,hangoda 01 st ET,kas,Tigrai,2024
298,Tigrai,Dilla,dd,k,dc,2024
293,Tigrai,hangoda,hangoda 01 st ET,kas,Tigrai,2024
298,Tigrai,Dilla,dd,k,dc,2024
293,Tigrai,hangoda,hangoda 01 st ET,kas,Tigrai,2024
298,Tigrai,Dilla,dd,k,dc,2024
293,Tigrai,hangoda,hangoda 01 st ET,kas,Tigrai,2024
298,Tigrai,Dilla,dd,k,dc,2024
293,Tigrai,hangoda,hangoda 01 st ET,kas,Tigrai,2024
298,Tigrai,Dilla,dd,k,dc,2024
293,Tigrai,hangoda,hangoda 01 st ET,kas,Tigrai,2024
298,Tigrai,Dilla,dd,k,dc,2024
293,Tigrai,hangoda,hangoda 01 st ET,kas,Tigrai,2024
298,Tigrai,Dilla,dd,k,dc,2024
293,Tigrai,hangoda,hangoda 01 st ET,kas,Tigrai,2024
298,Tigrai,Dilla,dd,k,dc,2024
293,Tigrai,hangoda,hangoda 01 st ET,kas,Tigrai,2024
298,Tigrai,Dilla,dd,k,dc,2024
293,Tigrai,hangoda,hangoda 01 st ET,kas,Tigrai,2024
298,Tigrai,Dilla,dd,k,dc,2024
293,Tigrai,hangoda,hangoda 01 st ET,kas,Tigrai,2024
298,Tigrai,Dilla,dd,k,dc,2024
293,Tigrai,hangoda,hangoda 01 st ET,kas,Tigrai,2024
298,Tigrai,Dilla,dd,k,dc,2024
293,Tigrai,hangoda,hangoda 01 st ET,kas,Tigrai,2024
298,Tigrai,Dilla,dd,k,dc,2024
293,Tigrai,hangoda,hangoda 01 st ET,kas,Tigrai,2024
298,Tigrai,Dilla,dd,k,dc,2024
293,Tigrai,hangoda,hangoda 01 st ET,kas,Tigrai,2024
298,Tigrai,Dilla,dd,k,dc,2024
293,Tigrai,hangoda,hangoda 01 st ET,kas,Tigrai,2024
298,Tigrai,Dilla,dd,k,dc,2024
293,Tigrai,hangoda,hangoda 01 st ET,kas,Tigrai,2024
298,Tigrai,Dilla,dd,k,dc,2024
293,Tigrai,hangoda,hangoda 01 st ET,kas,Tigrai,2024
298,Tigrai,Dilla,dd,k,dc,2024
293,Tigrai,hangoda,hangoda 01 st ET,kas,Tigrai,2024
298,Tigrai,Dilla,dd,k,dc,2024
293,Tigrai,hangoda,hangoda 01 st ET,kas,Tigrai,2024
298,Tigrai,Dilla,dd,k,dc,2024
293,Tigrai,hangoda,hangoda 01 st ET,kas,Tigrai,2024
298,Tigrai,Dilla,dd,k,dc,2024
293,Tigrai,hangoda,hangoda 01 st ET,kas,Tigrai,2024
298,Tigrai,Dilla,dd,k,dc,2024
293,Tigrai,hangoda,hangoda 01 st ET,kas,Tigrai,2024
298,Tigrai,Dilla,dd,k,dc,2024
293,Tigrai,hangoda,hangoda 01 st ET,kas,Tigrai,2024
298,Tigrai,Dilla,dd,k,dc,2024
293,Tigrai,hangoda,hangoda 01 st ET,kas,Tigrai,2024
298,Tigrai,Dilla,dd,k,dc,2024
293,Tigrai,hangoda,hangoda 01 st ET,kas,Tigrai,2024
298,Tigrai,Dilla,dd,k,dc,2024
293,Tigrai,hangoda,hangoda 01 st ET,kas,Tigrai,2024
298,Tigrai,Dilla,dd,k,dc,2024
293,Tigrai,hangoda,hangoda 01 st ET,kas,Tigrai,2024
298,Tigrai,Dilla,dd,k,dc,2024
293,Tigrai,hangoda,hangoda 01 st ET,kas,Tigrai,2024
298,Tigrai,Dilla,dd,k,dc,2024
293,Tigrai,hangoda,hangoda 01 st ET,kas,Tigrai,2024
298,Tigrai,Dilla,dd,k,dc,2024
293,Tigrai,hangoda,hangoda 01 st ET,kas,Tigrai,2024
298,Tigrai,Dilla,dd,k,dc,2024
293,Tigrai,hangoda,hangoda 01 st ET,kas,Tigrai,2024
298,Tigrai,Dilla,dd,k,dc,2024
293,Tigrai,hangoda,hangoda 01 st ET,kas,Tigrai,2024
298,Tigrai,Dilla,dd,k,dc,2024
293,Tigrai,hangoda,hangoda 01 st ET,kas,Tigrai,2024
298,Tigrai,Dilla,dd,k,dc,2024
293,Tigrai,hangoda,hangoda 01 st ET,kas,Tigrai,2024
298,Tigrai,Dilla,dd,k,dc,2024
293,Tigrai,hangoda,hangoda 01 st ET,kas,Tigrai,2024
298,Tigrai,Dilla,dd,k,dc,2024
293,Tigrai,hangoda,hangoda 01 st ET,kas,Tigrai,2024
298,Tigrai,Dilla,dd,k,dc,2024
293,Tigrai,hangoda,hangoda 01 st ET,kas,Tigrai,2024
298,Tigrai,Dilla,dd,k,dc,2024
293,Tigrai,hangoda,hangoda 01 st ET,kas,Tigrai,2024
298,Tigrai,Dilla,dd,k,dc,2024
293,Tigrai,hangoda,hangoda 01 st ET,kas,Tigrai,2024
298,Tigrai,Dilla,dd,k,dc,2024
293,Tigrai,hangoda,hangoda 01 st ET,kas,Tigrai,2024
298,Tigrai,Dilla,dd,k,dc,2024
293,Tigrai,hangoda,hangoda 01 st ET,kas,Tigrai,2024
298,Tigrai,Dilla,dd,k,dc,2024
293,Tigrai,hangoda,hangoda 01 st ET,kas,Tigrai,2024
298,Tigrai,Dilla,dd,k,dc,2024
293,Tigrai,hangoda,hangoda 01 st ET,kas,Tigrai,2024
298,Tigrai,Dilla,dd,k,dc,2024
293,Tigrai,hangoda,hangoda 01 st ET,kas,Tigrai,2024
298,Tigrai,Dilla,dd,k,dc,2024
293,Tigrai,hangoda,hangoda 01 st ET,kas,Tigrai,2024
298,Tigrai,Dilla,dd,k,dc,2024
293,Tigrai,hangoda,hangoda 01 st ET,kas,Tigrai,2024
298,Tigrai,Dilla,dd,k,dc,2024
293,Tigrai,hangoda,hangoda 01 st ET,kas,Tigrai,2024
298,Tigrai,Dilla,dd,k,dc,2024
293,Tigrai,hangoda,hangoda 01 st ET,kas,Tigrai,2024
298,Tigrai,Dilla,dd,k,dc,2024
293,Tigrai,hangoda,hangoda 01 st ET,kas,Tigrai,2024
298,Tigrai,Dilla,dd,k,dc,2024
293,Tigrai,hangoda,hangoda 01 st ET,kas,Tigrai,2024
298,Tigrai,Dilla,dd,k,dc,2024
293,Tigrai,hangoda,hangoda 01 st ET,kas,Tigrai,2024
298,Tigrai,Dilla,dd,k,dc,2024
293,Tigrai,hangoda,hangoda 01 st ET,kas,Tigrai,2024
298,Tigrai,Dilla,dd,k,dc,2024
293,Tigrai,hangoda,hangoda 01 st ET,kas,Tigrai,2024
298,Tigrai,Dilla,dd,k,dc,2024
293,Tigrai,hangoda,hangoda 01 st ET,kas,Tigrai,2024
298,Tigrai,Dilla,dd,k,dc,2024
293,Tigrai,hangoda,hangoda 01 st ET,kas,Tigrai,2024
298,Tigrai,Dilla,dd,k,dc,2024
293,Tigrai,hangoda,hangoda 01 st ET,kas,Tigrai,2024
298,Tigrai,Dilla,dd,k,dc,2024
293,Tigrai,hangoda,hangoda 01 st ET,kas,Tigrai,2024
298,Tigrai,Dilla,dd,k,dc,2024
293,Tigrai,hangoda,hangoda 01 st ET,kas,Tigrai,2024
298,Tigrai,Dilla,dd,k,dc,2024
293,Tigrai,hangoda,hangoda 01 st ET,kas,Tigrai,2024
298,Tigrai,Dilla,dd,k,dc,2024
293,Tigrai,hangoda,hangoda 01 st ET,kas,Tigrai,2024
298,Tigrai,Dilla,dd,k,dc,2024
293,Tigrai,hangoda,hangoda 01 st ET,kas,Tigrai,2024
298,Tigrai,Dilla,dd,k,dc,2024
293,Tigrai,hangoda,hangoda 01 st ET,kas,Tigrai,2024
298,Tigrai,Dilla,dd,k,dc,2024
293,Tigrai,hangoda,hangoda 01 st ET,kas,Tigrai,2024
298,Tigrai,Dilla,dd,k,dc,2024
293,Tigrai,hangoda,hangoda 01 st ET,kas,Tigrai,2024
298,Tigrai,Dilla,dd,k,dc,2024
293,Tigrai,hangoda,hangoda 01 st ET,kas,Tigrai,2024
298,Tigrai,Dilla,dd,k,dc,2024
293,Tigrai,hangoda,hangoda 01 st ET,kas,Tigrai,2024
298,Tigrai,Dilla,dd,k,dc,2024
293,Tigrai,hangoda,hangoda 01 st ET,kas,Tigrai,2024
298,Tigrai,Dilla,dd,k,dc,2024
293,Tigrai,hangoda,hangoda 01 st ET,kas,Tigrai,2024
298,Tigrai,Dilla,dd,k,dc,2024
293,Tigrai,hangoda,hangoda 01 st ET,kas,Tigrai,2024
298,Tigrai,Dilla,dd,k,dc,2024
293,Tigrai,hangoda,hangoda 01 st ET,kas,Tigrai,2024
298,Tigrai,Dilla,dd,k,dc,2024
293,Tigrai,hangoda,hangoda 01 st ET,kas,Tigrai,2024
298,Tigrai,Dilla,dd,k,dc,2024
293,Tigrai,hangoda,hangoda 01 st ET,kas,Tigrai,2024
298,Tigrai,Dilla,dd,k,dc,2024
293,Tigrai,hangoda,hangoda 01 st ET,kas,Tigrai,2024
298,Tigrai,Dilla,dd,k,dc,2024
293,Tigrai,hangoda,hangoda 01 st ET,kas,Tigrai,2024
298,Tigrai,Dilla,dd,k,dc,2024
293,Tigrai,hangoda,hangoda 01 st ET,kas,Tigrai,2024
298,Tigrai,Dilla,dd,k,dc,2024
293,Tigrai,hangoda,hangoda 01 st ET,kas,Tigrai,2024
298,Tigrai,Dilla,dd,k,dc,2024
293,Tigrai,hangoda,hangoda 01 st ET,kas,Tigrai,2024
298,Tigrai,Dilla,dd,k,dc,2024
293,Tigrai,hangoda,hangoda 01 st ET,kas,Tigrai,2024
298,Tigrai,Dilla,dd,k,dc,2024
293,Tigrai,hangoda,hangoda 01 st ET,kas,Tigrai,2024
298,Tigrai,Dilla,dd,k,dc,2024
293,Tigrai,hangoda,hangoda 01 st ET,kas,Tigrai,2024
298,Tigrai,Dilla,dd,k,dc,2024
293,Tigrai,hangoda,hangoda 01 st ET,kas,Tigrai,2024
298,Tigrai,Dilla,dd,k,dc,2024
293,Tigrai,hangoda,hangoda 01 st ET,kas,Tigrai,2024
298,Tigrai,Dilla,dd,k,dc,2024
293,Tigrai,hangoda,hangoda 01 st ET,kas,Tigrai,2024
298,Tigrai,Dilla,dd,k,dc,2024
293,Tigrai,hangoda,hangoda 01 st ET,kas,Tigrai,2024
298,Tigrai,Dilla,dd,k,dc,2024
